[{
		"diocesi": "SALUZZO",
		"zona": "VERZUOLO_VALLE_VARAITA",
		"paese": "ROSSANA",
		"fraz": "Mad. delle Grazie",
		"chiesa_nome": "Mad. delle Grazie",
		"messa_id": "001001",
		"est_inv": "E",
		"giorno": "SAB",
		"orario": "15:30",
		"note": "Luglio e Agosto"
	},
	{
		"diocesi": "SALUZZO",
		"zona": "VERZUOLO_VALLE_VARAITA",
		"paese": "ROSSANA",
		"fraz": "Capoluogo",
		"chiesa_nome": "Maria Vergine Assunta",
		"messa_id": "001002",
		"est_inv": "EI",
		"giorno": "SAB",
		"orario": "18:00",
		"note": "Sempre"
	},
	{
		"diocesi": "SALUZZO",
		"zona": "VERZUOLO_VALLE_VARAITA",
		"paese": "ROSSANA",
		"fraz": "Mad. delle Grazie",
		"chiesa_nome": "Mad. delle Grazie",
		"messa_id": "001003",
		"est_inv": "I",
		"giorno": "SAB",
		"orario": "15:00",
		"note": "Sempre, tranne luglio e agosto"
	},
	{
		"diocesi": "SALUZZO",
		"zona": "VERZUOLO_VALLE_VARAITA",
		"paese": "PIASCO",
		"fraz": "Capoluogo",
		"chiesa_nome": "S. Giovanni",
		"messa_id": "001004",
		"est_inv": "E",
		"giorno": "SAB",
		"orario": "19:00",
		"note": "1a e 3a"
	},
	{
		"diocesi": "SALUZZO",
		"zona": "VERZUOLO_VALLE_VARAITA",
		"paese": "PIASCO",
		"fraz": "S. Antonio",
		"chiesa_nome": "S. Antonio",
		"messa_id": "001005",
		"est_inv": "E",
		"giorno": "SAB",
		"orario": "19:00",
		"note": "2a e 4a"
	},
	{
		"diocesi": "SALUZZO",
		"zona": "VERZUOLO_VALLE_VARAITA",
		"paese": "PIASCO",
		"fraz": "Capoluogo",
		"chiesa_nome": "S. Giovanni",
		"messa_id": "001006",
		"est_inv": "I",
		"giorno": "SAB",
		"orario": "17:00",
		"note": "1a e 3a"
	},
	{
		"diocesi": "SALUZZO",
		"zona": "VERZUOLO_VALLE_VARAITA",
		"paese": "PIASCO",
		"fraz": "S. Antonio",
		"chiesa_nome": "S. Antonio",
		"messa_id": "001007",
		"est_inv": "I",
		"giorno": "SAB",
		"orario": "17:00",
		"note": "2a e 4a"
	},
	{
		"diocesi": "SALUZZO",
		"zona": "VERZUOLO_VALLE_VARAITA",
		"paese": "PIASCO",
		"fraz": "Capoluogo",
		"chiesa_nome": "Mad. del Carmine",
		"messa_id": "001008",
		"est_inv": "EI",
		"giorno": "DOM",
		"orario": "08:30",
		"note": "Sempre"
	},
	{
		"diocesi": "SALUZZO",
		"zona": "VERZUOLO_VALLE_VARAITA",
		"paese": "PIASCO",
		"fraz": "Capoluogo",
		"chiesa_nome": "S. Giovanni",
		"messa_id": "001009",
		"est_inv": "EI",
		"giorno": "DOM",
		"orario": "10:00",
		"note": "Sempre"
	},
	{
		"diocesi": "SALUZZO",
		"zona": "VERZUOLO_VALLE_VARAITA",
		"paese": "ROSSANA",
		"fraz": "Capoluogo",
		"chiesa_nome": "Maria Vergine Assunta",
		"messa_id": "001010",
		"est_inv": "EI",
		"giorno": "DOM",
		"orario": "11:00",
		"note": "2a e 4a"
	},
	{
		"diocesi": "SALUZZO",
		"zona": "VERZUOLO_VALLE_VARAITA",
		"paese": "PIASCO",
		"fraz": "S. Antonio",
		"chiesa_nome": "S. Antonio",
		"messa_id": "001011",
		"est_inv": "EI",
		"giorno": "DOM",
		"orario": "11:00",
		"note": "1a e 3a"
	},
	{
		"diocesi": "SALUZZO",
		"zona": "VERZUOLO_VALLE_VARAITA",
		"paese": "ROSSANA",
		"fraz": "Lemma",
		"chiesa_nome": "Lemma",
		"messa_id": "001012",
		"est_inv": "I",
		"giorno": "DOM",
		"orario": "17:00",
		"note": "Sempre"
	},
	{
		"diocesi": "SALUZZO",
		"zona": "VERZUOLO_VALLE_VARAITA",
		"paese": "PIASCO",
		"fraz": "S. Antonio",
		"chiesa_nome": "S. Antonio",
		"messa_id": "001013",
		"est_inv": "E",
		"giorno": "DOM",
		"orario": "18:30",
		"note": "Sempre, da Festa S.Antonio"
	},
	{
		"diocesi": "SALUZZO",
		"zona": "VERZUOLO_VALLE_VARAITA",
		"paese": "PIASCO",
		"fraz": "S. Antonio",
		"chiesa_nome": "S. Antonio",
		"messa_id": "001014",
		"est_inv": "I",
		"giorno": "DOM",
		"orario": "18:00",
		"note": "Sempre, fino a Festa S.Antonio"
	},
	{
		"diocesi": "SALUZZO",
		"zona": "VERZUOLO_VALLE_VARAITA",
		"paese": "ROSSANA",
		"fraz": "Lemma",
		"chiesa_nome": "Lemma",
		"messa_id": "001015",
		"est_inv": "E",
		"giorno": "DOM",
		"orario": "09:30",
		"note": "1a e 3a"
	},
	{
		"diocesi": "SALUZZO",
		"zona": "VERZUOLO_VALLE_VARAITA",
		"paese": "COSTIGLIOLE SALUZZO",
		"fraz": "Capoluogo",
		"chiesa_nome": "S. Maria Maddalena",
		"messa_id": "001016",
		"est_inv": "I",
		"giorno": "SAB",
		"orario": "18:00",
		"note": "No Luglio e Agosto"
	},
	{
		"diocesi": "SALUZZO",
		"zona": "VERZUOLO_VALLE_VARAITA",
		"paese": "COSTIGLIOLE SALUZZO",
		"fraz": "Ceretto",
		"chiesa_nome": "Ceretto",
		"messa_id": "001017",
		"est_inv": "E",
		"giorno": "SAB",
		"orario": "18:00",
		"note": "Solo Luglio e Agosto"
	},
	{
		"diocesi": "SALUZZO",
		"zona": "VERZUOLO_VALLE_VARAITA",
		"paese": "VERZUOLO",
		"fraz": "Capoluogo",
		"chiesa_nome": "S. Filippo",
		"messa_id": "001018",
		"est_inv": "EI",
		"giorno": "SAB",
		"orario": "18:00",
		"note": ""
	},
	{
		"diocesi": "SALUZZO",
		"zona": "VERZUOLO_VALLE_VARAITA",
		"paese": "VERZUOLO",
		"fraz": "Villanovetta",
		"chiesa_nome": "S. Andrea",
		"messa_id": "001019",
		"est_inv": "EI",
		"giorno": "SAB",
		"orario": "18:00",
		"note": ""
	},
	{
		"diocesi": "SALUZZO",
		"zona": "VERZUOLO_VALLE_VARAITA",
		"paese": "VERZUOLO",
		"fraz": "Falicetto",
		"chiesa_nome": "S. Bartolomeo",
		"messa_id": "001020",
		"est_inv": "EI",
		"giorno": "SAB",
		"orario": "18:30",
		"note": ""
	},
	{
		"diocesi": "SALUZZO",
		"zona": "VERZUOLO_VALLE_VARAITA",
		"paese": "VERZUOLO",
		"fraz": "Capoluogo",
		"chiesa_nome": "S. Maria",
		"messa_id": "001021",
		"est_inv": "EI",
		"giorno": "DOM",
		"orario": "09:00",
		"note": ""
	},
	{
		"diocesi": "SALUZZO",
		"zona": "VERZUOLO_VALLE_VARAITA",
		"paese": "VERZUOLO",
		"fraz": "Capoluogo",
		"chiesa_nome": "S. Filippo",
		"messa_id": "001022",
		"est_inv": "I",
		"giorno": "DOM",
		"orario": "10:00",
		"note": "No Luglio e Agosto"
	},
	{
		"diocesi": "SALUZZO",
		"zona": "VERZUOLO_VALLE_VARAITA",
		"paese": "VERZUOLO",
		"fraz": "Falicetto",
		"chiesa_nome": "S. Bartolomeo",
		"messa_id": "001023",
		"est_inv": "EI",
		"giorno": "DOM",
		"orario": "10:00",
		"note": ""
	},
	{
		"diocesi": "SALUZZO",
		"zona": "VERZUOLO_VALLE_VARAITA",
		"paese": "COSTIGLIOLE SALUZZO",
		"fraz": "Capoluogo",
		"chiesa_nome": "S. Maria Maddalena",
		"messa_id": "001024",
		"est_inv": "EI",
		"giorno": "DOM",
		"orario": "11:00",
		"note": ""
	},
	{
		"diocesi": "SALUZZO",
		"zona": "VERZUOLO_VALLE_VARAITA",
		"paese": "VERZUOLO",
		"fraz": "Villanovetta",
		"chiesa_nome": "S. Andrea",
		"messa_id": "001025",
		"est_inv": "EI",
		"giorno": "DOM",
		"orario": "11:15",
		"note": ""
	},
	{
		"diocesi": "SALUZZO",
		"zona": "VERZUOLO_VALLE_VARAITA",
		"paese": "COSTIGLIOLE SALUZZO",
		"fraz": "Capoluogo",
		"chiesa_nome": "Confraternita",
		"messa_id": "001026",
		"est_inv": "EI",
		"giorno": "DOM",
		"orario": "18:00",
		"note": ""
	},
	{
		"diocesi": "SALUZZO",
		"zona": "VERZUOLO_VALLE_VARAITA",
		"paese": "VERZUOLO",
		"fraz": "Capoluogo",
		"chiesa_nome": "S. Filippo",
		"messa_id": "001027",
		"est_inv": "EI",
		"giorno": "DOM",
		"orario": "20:30",
		"note": ""
	},
	{
		"diocesi": "SALUZZO",
		"zona": "VERZUOLO_VALLE_VARAITA",
		"paese": "BROSSASCO",
		"fraz": "Capoluogo",
		"chiesa_nome": "S. Andrea",
		"messa_id": "001028",
		"est_inv": "EI",
		"giorno": "SAB",
		"orario": "18:30",
		"note": ""
	},
	{
		"diocesi": "SALUZZO",
		"zona": "VERZUOLO_VALLE_VARAITA",
		"paese": "BROSSASCO",
		"fraz": "Capoluogo",
		"chiesa_nome": "S. Andrea",
		"messa_id": "001029",
		"est_inv": "EI",
		"giorno": "DOM",
		"orario": "10:30",
		"note": "In estate non si celebra se in concomitanza con Messa in Cappelle"
	},
	{
		"diocesi": "SALUZZO",
		"zona": "VERZUOLO_VALLE_VARAITA",
		"paese": "MANTA",
		"fraz": "Capoluogo",
		"chiesa_nome": "S. Maria degli Angeli",
		"messa_id": "001030",
		"est_inv": "EI",
		"giorno": "SAB",
		"orario": "18:30",
		"note": "Da controllare"
	},
	{
		"diocesi": "SALUZZO",
		"zona": "VERZUOLO_VALLE_VARAITA",
		"paese": "MANTA",
		"fraz": "Capoluogo",
		"chiesa_nome": "S. Maria degli Angeli",
		"messa_id": "001031",
		"est_inv": "EI",
		"giorno": "DOM",
		"orario": "10:30",
		"note": ""
	},
	{
		"diocesi": "SALUZZO",
		"zona": "VERZUOLO_VALLE_VARAITA",
		"paese": "VALMALA",
		"fraz": "B.go Santuario",
		"chiesa_nome": "Santuario Valmala",
		"messa_id": "001032",
		"est_inv": "E",
		"giorno": "DOM",
		"orario": "08:00",
		"note": "Luglio e Agosto"
	},
	{
		"diocesi": "SALUZZO",
		"zona": "VERZUOLO_VALLE_VARAITA",
		"paese": "VALMALA",
		"fraz": "B.go Santuario",
		"chiesa_nome": "Santuario Valmala",
		"messa_id": "001033",
		"est_inv": "E",
		"giorno": "DOM",
		"orario": "09:30",
		"note": "Luglio e Agosto"
	},
	{
		"diocesi": "SALUZZO",
		"zona": "VERZUOLO_VALLE_VARAITA",
		"paese": "VALMALA",
		"fraz": "B.go Santuario",
		"chiesa_nome": "Santuario Valmala",
		"messa_id": "001034",
		"est_inv": "EI",
		"giorno": "DOM",
		"orario": "11:00",
		"note": "Sempre"
	},
	{
		"diocesi": "SALUZZO",
		"zona": "VERZUOLO_VALLE_VARAITA",
		"paese": "VALMALA",
		"fraz": "B.go Santuario",
		"chiesa_nome": "Santuario Valmala",
		"messa_id": "001035",
		"est_inv": "EI",
		"giorno": "DOM",
		"orario": "16:00",
		"note": "Sempre"
	},
	{
		"diocesi": "SALUZZO",
		"zona": "ALTA_VALLE_VARAITA",
		"paese": "SAMPEYRE",
		"fraz": "Capoluogo",
		"chiesa_nome": "SS. Pietro e Paolo",
		"messa_id": "001036",
		"est_inv": "E",
		"giorno": "SAB",
		"orario": "18:00",
		"note": ""
	},
	{
		"diocesi": "SALUZZO",
		"zona": "ALTA_VALLE_VARAITA",
		"paese": "SAMPEYRE",
		"fraz": "Capoluogo",
		"chiesa_nome": "SS. Pietro e Paolo",
		"messa_id": "001037",
		"est_inv": "E",
		"giorno": "DOM",
		"orario": "11:30",
		"note": ""
	},
	{
		"diocesi": "SALUZZO",
		"zona": "ALTA_VALLE_VARAITA",
		"paese": "SAMPEYRE",
		"fraz": "Capoluogo",
		"chiesa_nome": "SS. Pietro e Paolo",
		"messa_id": "001038",
		"est_inv": "E",
		"giorno": "DOM",
		"orario": "18:00",
		"note": ""
	},
	{
		"diocesi": "SALUZZO",
		"zona": "ALTA_VALLE_VARAITA",
		"paese": "SAMPEYRE",
		"fraz": "Becetto",
		"chiesa_nome": "Natività di Maria V. e S. Eusebio",
		"messa_id": "001039",
		"est_inv": "E",
		"giorno": "DOM",
		"orario": "11:30",
		"note": ""
	},
	{
		"diocesi": "SALUZZO",
		"zona": "ALTA_VALLE_VARAITA",
		"paese": "SAMPEYRE",
		"fraz": "Rore",
		"chiesa_nome": "S. Nicolao",
		"messa_id": "001040",
		"est_inv": "E",
		"giorno": "DOM",
		"orario": "10.15",
		"note": ""
	},
	{
		"diocesi": "SALUZZO",
		"zona": "ALTA_VALLE_VARAITA",
		"paese": "SAMPEYRE",
		"fraz": "Villar",
		"chiesa_nome": "S. Maria Assunta",
		"messa_id": "001041",
		"est_inv": "E",
		"giorno": "SAB",
		"orario": "15.30",
		"note": "1° sabato del mese"
	},
	{
		"diocesi": "SALUZZO",
		"zona": "ALTA_VALLE_VARAITA",
		"paese": "SAMPEYRE",
		"fraz": "Dragoniere",
		"chiesa_nome": "Sant’Antonio",
		"messa_id": "001042",
		"est_inv": "E",
		"giorno": "SAB",
		"orario": "15:30",
		"note": "2° sabato del mese"
	},
	{
		"diocesi": "SALUZZO",
		"zona": "ALTA_VALLE_VARAITA",
		"paese": "PONTECHIANALE",
		"fraz": "Chiesa",
		"chiesa_nome": "S. Pietro in Vincoli",
		"messa_id": "001043",
		"est_inv": "E",
		"giorno": "SAB",
		"orario": "18:00",
		"note": ""
	},
	{
		"diocesi": "SALUZZO",
		"zona": "ALTA_VALLE_VARAITA",
		"paese": "PONTECHIANALE",
		"fraz": "Chiesa",
		"chiesa_nome": "S. Pietro in Vincoli",
		"messa_id": "001044",
		"est_inv": "E",
		"giorno": "DOM",
		"orario": "18:00",
		"note": ""
	},
	{
		"diocesi": "SALUZZO",
		"zona": "ALTA_VALLE_VARAITA",
		"paese": "PONTECHIANALE",
		"fraz": "Chianale",
		"chiesa_nome": "S. Lorenzo",
		"messa_id": "001045",
		"est_inv": "E",
		"giorno": "DOM",
		"orario": "16:30",
		"note": ""
	},
	{
		"diocesi": "SALUZZO",
		"zona": "ALTA_VALLE_VARAITA",
		"paese": "BELLINO",
		"fraz": "Chiesa",
		"chiesa_nome": "S. Giacomo",
		"messa_id": "001046",
		"est_inv": "E",
		"giorno": "DOM",
		"orario": "09:00",
		"note": "Alternata con S. Spirito in Bellino fr. Celle"
	},
	{
		"diocesi": "SALUZZO",
		"zona": "ALTA_VALLE_VARAITA",
		"paese": "BELLINO",
		"fraz": "Celle",
		"chiesa_nome": "S. Spirito",
		"messa_id": "001047",
		"est_inv": "E",
		"giorno": "DOM",
		"orario": "09:00",
		"note": "Alternata con S. Giacomo in Bellino fr. Chiesa"
	},
	{
		"diocesi": "SALUZZO",
		"zona": "ALTA_VALLE_VARAITA",
		"paese": "FRASSINO",
		"fraz": "Capoluogo",
		"chiesa_nome": "SS. Stefano e Maurizio",
		"messa_id": "001048",
		"est_inv": "E",
		"giorno": "DOM",
		"orario": "09:00",
		"note": ""
	},
	{
		"diocesi": "SALUZZO",
		"zona": "ALTA_VALLE_VARAITA",
		"paese": "CASTELDELFINO",
		"fraz": "Capoluogo",
		"chiesa_nome": "S. Margherita",
		"messa_id": "001049",
		"est_inv": "E",
		"giorno": "DOM",
		"orario": "10:15",
		"note": ""
	}
]
